{"stats":{"minecraft:custom":{"minecraft:time_since_rest":15173,"minecraft:interact_with_furnace":10,"minecraft:sprint_one_cm":88880,"minecraft:damage_taken":821,"minecraft:walk_one_cm":54065,"minecraft:mob_kills":6,"minecraft:drop":5,"minecraft:damage_dealt":1379,"minecraft:traded_with_villager":1,"minecraft:talked_to_villager":1,"minecraft:swim_one_cm":322,"minecraft:interact_with_crafting_table":5,"minecraft:player_kills":1,"minecraft:fly_one_cm":76145,"minecraft:open_chest":1,"minecraft:crouch_one_cm":175,"minecraft:play_time":24920,"minecraft:deaths":2,"minecraft:sneak_time":91,"minecraft:walk_under_water_one_cm":134,"minecraft:jump":414,"minecraft:leave_game":1,"minecraft:time_since_death":15148,"minecraft:walk_on_water_one_cm":1024,"minecraft:climb_one_cm":16,"minecraft:total_world_time":24920,"minecraft:fall_one_cm":13081,"minecraft:horse_one_cm":1099},"minecraft:picked_up":{"minecraft:stick":2,"minecraft:feather":2,"minecraft:chicken":2,"minecraft:leather":2,"minecraft:wooden_pickaxe":1,"minecraft:oak_log":32,"minecraft:diorite":1,"minecraft:lapis_lazuli":48,"minecraft:dirt":37,"minecraft:arrow":1,"minecraft:rotten_flesh":2,"minecraft:wheat_seeds":19,"minecraft:hay_block":7,"minecraft:beef":4,"minecraft:iron_ingot":3,"minecraft:furnace":2,"minecraft:mutton":1,"minecraft:oak_planks":19,"minecraft:cobblestone":42,"minecraft:white_wool":1,"minecraft:sunflower":4},"minecraft:killed":{"minecraft:sheep":1,"minecraft:iron_golem":1,"minecraft:cow":2},"minecraft:killed_by":{"minecraft:player":1,"minecraft:spider":1},"minecraft:dropped":{"minecraft:wheat_seeds":2,"minecraft:mutton":1,"minecraft:rotten_flesh":1,"minecraft:white_wool":1},"minecraft:used":{"minecraft:stone_sword":37,"minecraft:stone_pickaxe":5,"minecraft:iron_pickaxe":34,"minecraft:wooden_pickaxe":34,"minecraft:cooked_chicken":1,"minecraft:stone_axe":28,"minecraft:crafting_table":1,"minecraft:furnace":2,"minecraft:cooked_beef":3},"minecraft:crafted":{"minecraft:cooked_beef":3,"minecraft:oak_planks":128,"minecraft:redstone":2,"minecraft:crafting_table":1,"minecraft:stick":12,"minecraft:iron_pickaxe":1,"minecraft:cooked_chicken":1,"minecraft:wooden_pickaxe":1,"minecraft:stone_pickaxe":1,"minecraft:stone_sword":1,"minecraft:furnace":1,"minecraft:stone_axe":1,"minecraft:air":0},"minecraft:mined":{"minecraft:hay_block":6,"minecraft:furnace":2,"minecraft:short_grass":70,"minecraft:grass_block":7,"minecraft:oak_log":30,"minecraft:dirt_path":1,"minecraft:sunflower":2,"minecraft:dirt":13,"minecraft:tall_grass":12,"minecraft:lapis_ore":8,"minecraft:stone":41,"minecraft:diorite":1,"minecraft:fern":2}},"DataVersion":3700}