{"stats":{"minecraft:mined":{"minecraft:white_bed":3,"minecraft:deepslate_diamond_ore":1,"minecraft:brewing_stand":2,"minecraft:granite":1,"minecraft:short_grass":111,"minecraft:grass_block":11,"minecraft:tall_grass":20,"minecraft:cobblestone":1,"minecraft:lapis_ore":8,"minecraft:diorite":1,"minecraft:hay_block":6,"minecraft:furnace":2,"minecraft:andesite":4,"minecraft:yellow_bed":2,"minecraft:oak_log":30,"minecraft:dirt_path":2,"minecraft:sunflower":2,"minecraft:dirt":36,"minecraft:stone":73,"minecraft:tripwire":2,"minecraft:fern":2},"minecraft:killed":{"minecraft:witch":1,"minecraft:iron_golem":1,"minecraft:creeper":2,"minecraft:sheep":6,"minecraft:skeleton":1,"minecraft:zombie":10,"minecraft:drowned":1,"minecraft:cow":2},"minecraft:picked_up":{"minecraft:feather":2,"minecraft:chicken":2,"minecraft:tripwire_hook":2,"minecraft:andesite":4,"minecraft:leather":2,"minecraft:wooden_pickaxe":1,"minecraft:oak_log":32,"minecraft:brewing_stand":2,"minecraft:yellow_bed":2,"minecraft:gunpowder":2,"minecraft:dirt":87,"minecraft:lapis_lazuli":48,"minecraft:string":7,"minecraft:wheat_seeds":37,"minecraft:iron_ingot":3,"minecraft:beef":4,"minecraft:glowstone_dust":1,"minecraft:oak_planks":19,"minecraft:furnace":2,"minecraft:stick":71,"minecraft:torch":1,"minecraft:diorite":2,"minecraft:white_bed":3,"minecraft:arrow":2,"minecraft:rotten_flesh":7,"minecraft:diamond":1,"minecraft:hay_block":8,"minecraft:granite":1,"minecraft:sunflower":4,"minecraft:mutton":7,"minecraft:cobblestone":75,"minecraft:white_wool":6},"minecraft:killed_by":{"minecraft:player":1,"minecraft:spider":1,"minecraft:zombie":1},"minecraft:used":{"minecraft:oak_trapdoor":11,"minecraft:water_bucket":6,"minecraft:stone_sword":130,"minecraft:stone_pickaxe":5,"minecraft:wooden_pickaxe":34,"minecraft:cooked_chicken":1,"minecraft:rotten_flesh":5,"minecraft:torch":10,"minecraft:dirt":22,"minecraft:crafting_table":1,"minecraft:white_bed":3,"minecraft:shears":2,"minecraft:lever":2,"minecraft:coal_ore":1,"minecraft:villager_spawn_egg":3,"minecraft:bread":2,"minecraft:string":14,"minecraft:iron_pickaxe":104,"minecraft:quartz_block":1,"minecraft:diamond_ore":1,"minecraft:stone_axe":28,"minecraft:tripwire_hook":4,"minecraft:cobblestone":199,"minecraft:furnace":3,"minecraft:bucket":3,"minecraft:yellow_bed":7,"minecraft:cooked_beef":3},"minecraft:custom":{"minecraft:interact_with_furnace":16,"minecraft:mob_kills":27,"minecraft:traded_with_villager":1,"minecraft:interact_with_crafting_table":5,"minecraft:bell_ring":38,"minecraft:leave_game":4,"minecraft:time_since_death":59735,"minecraft:climb_one_cm":1337,"minecraft:time_since_rest":59755,"minecraft:sprint_one_cm":244347,"minecraft:damage_taken":1535,"minecraft:walk_one_cm":128472,"minecraft:drop":8,"minecraft:damage_dealt":5286,"minecraft:swim_one_cm":696,"minecraft:talked_to_villager":3,"minecraft:fly_one_cm":386194,"minecraft:player_kills":1,"minecraft:open_chest":2,"minecraft:crouch_one_cm":2254,"minecraft:play_time":100958,"minecraft:deaths":4,"minecraft:sneak_time":1128,"minecraft:walk_under_water_one_cm":520,"minecraft:jump":1162,"minecraft:walk_on_water_one_cm":6700,"minecraft:total_world_time":100958,"minecraft:fall_one_cm":32821,"minecraft:horse_one_cm":1099},"minecraft:dropped":{"minecraft:wheat_seeds":16,"minecraft:diamond":1,"minecraft:rotten_flesh":1,"minecraft:stick":3,"minecraft:mutton":1,"minecraft:white_wool":1},"minecraft:crafted":{"minecraft:cooked_beef":3,"minecraft:oak_planks":128,"minecraft:redstone":2,"minecraft:crafting_table":1,"minecraft:wooden_pickaxe":1,"minecraft:cooked_chicken":1,"minecraft:furnace":1,"minecraft:stone_axe":1,"minecraft:air":0,"minecraft:stick":12,"minecraft:iron_pickaxe":1,"minecraft:stone_pickaxe":1,"minecraft:stone_sword":1,"minecraft:wheat":63}},"DataVersion":3700}