{"stats":{"minecraft:killed_by":{"minecraft:player":1,"minecraft:spider":1,"minecraft:skeleton":1,"minecraft:zombie":2},"minecraft:custom":{"minecraft:mob_kills":46,"minecraft:interact_with_anvil":4,"minecraft:interact_with_crafting_table":5,"minecraft:bell_ring":38,"minecraft:leave_game":9,"minecraft:time_since_death":98798,"minecraft:climb_one_cm":3768,"minecraft:damage_resisted":227,"minecraft:sprint_one_cm":504057,"minecraft:walk_one_cm":318485,"minecraft:drop":89,"minecraft:damage_dealt_absorbed":353,"minecraft:talked_to_villager":3,"minecraft:play_time":256293,"minecraft:deaths":6,"minecraft:sneak_time":3823,"minecraft:walk_under_water_one_cm":626,"minecraft:boat_one_cm":15086,"minecraft:jump":2331,"minecraft:walk_on_water_one_cm":7861,"minecraft:total_world_time":256293,"minecraft:interact_with_furnace":17,"minecraft:play_record":1,"minecraft:traded_with_villager":1,"minecraft:time_since_rest":98995,"minecraft:damage_taken":2452,"minecraft:damage_absorbed":168,"minecraft:damage_dealt":7663,"minecraft:swim_one_cm":6925,"minecraft:player_kills":2,"minecraft:fly_one_cm":935317,"minecraft:open_chest":3,"minecraft:crouch_one_cm":7295,"minecraft:aviate_one_cm":313043,"minecraft:fall_one_cm":56742,"minecraft:horse_one_cm":1099},"minecraft:picked_up":{"minecraft:chicken":2,"minecraft:wooden_pickaxe":1,"minecraft:enchanted_book":2,"minecraft:brewing_stand":2,"minecraft:string":7,"minecraft:elytra":1,"minecraft:gold_nugget":13,"minecraft:cobbled_deepslate":2396,"minecraft:beef":4,"minecraft:furnace":2,"minecraft:stick":71,"minecraft:raw_iron":55,"minecraft:torch":2,"minecraft:diorite":112,"minecraft:redstone":170,"minecraft:rotten_flesh":10,"minecraft:arrow":3,"minecraft:hay_block":8,"minecraft:netherite_chestplate":3,"minecraft:music_disc_wait":1,"minecraft:mutton":21,"minecraft:cobblestone":182,"minecraft:white_wool":14,"minecraft:netherite_boots":4,"minecraft:feather":3,"minecraft:tripwire_hook":2,"minecraft:andesite":12,"minecraft:leather":2,"minecraft:flint":26,"minecraft:tuff":478,"minecraft:oak_log":32,"minecraft:yellow_bed":2,"minecraft:gunpowder":2,"minecraft:lapis_lazuli":624,"minecraft:netherite_leggings":4,"minecraft:dirt":159,"minecraft:wheat_seeds":38,"minecraft:raw_gold":64,"minecraft:iron_ingot":3,"minecraft:glowstone_dust":1,"minecraft:oak_planks":19,"minecraft:gravel":13,"minecraft:white_bed":3,"minecraft:firework_rocket":1,"minecraft:diamond":14,"minecraft:netherite_helmet":3,"minecraft:granite":55,"minecraft:emerald":1,"minecraft:netherrack":1,"minecraft:coal":9,"minecraft:diamond_pickaxe":6,"minecraft:sunflower":4},"minecraft:killed":{"minecraft:witch":1,"minecraft:skeleton":2,"minecraft:chicken":2,"minecraft:drowned":1,"minecraft:zombie_villager":1,"minecraft:iron_golem":1,"minecraft:ender_dragon":1,"minecraft:creeper":2,"minecraft:sheep":17,"minecraft:zombie":12,"minecraft:enderman":1,"minecraft:cow":2},"minecraft:dropped":{"minecraft:wheat_seeds":16,"minecraft:lapis_lazuli":320,"minecraft:baked_potato":1,"minecraft:diamond":1,"minecraft:netherite_helmet":2,"minecraft:netherite_chestplate":3,"minecraft:feather":2,"minecraft:cobblestone":37,"minecraft:elytra":1,"minecraft:stick":3,"minecraft:torch":1,"minecraft:mutton":1,"minecraft:netherite_boots":2,"minecraft:gold_nugget":7,"minecraft:bucket":1,"minecraft:white_wool":1,"minecraft:redstone":128,"minecraft:cobbled_deepslate":1144,"minecraft:tuff":54,"minecraft:netherite_sword":1,"minecraft:obsidian":1,"minecraft:raw_iron":26,"minecraft:rotten_flesh":1,"minecraft:enchanted_golden_apple":64,"minecraft:netherite_leggings":3,"minecraft:diamond_pickaxe":6,"minecraft:spruce_log":6,"minecraft:bow":3,"minecraft:arrow":64,"minecraft:netherrack":1,"minecraft:firework_rocket":256},"minecraft:mined":{"minecraft:nether_gold_ore":4,"minecraft:tuff":412,"minecraft:white_bed":3,"minecraft:deepslate_diamond_ore":12,"minecraft:brewing_stand":2,"minecraft:granite":6,"minecraft:grass_block":11,"minecraft:hay_block":6,"minecraft:furnace":2,"minecraft:iron_ore":19,"minecraft:andesite":12,"minecraft:deepslate_lapis_ore":14,"minecraft:deepslate_iron_ore":18,"minecraft:dirt_path":2,"minecraft:stone":97,"minecraft:tripwire":2,"minecraft:deepslate_redstone_ore":23,"minecraft:dandelion":2,"minecraft:short_grass":117,"minecraft:emerald_ore":2,"minecraft:tall_grass":22,"minecraft:cobblestone":5,"minecraft:deepslate_coal_ore":9,"minecraft:deepslate_gold_ore":12,"minecraft:lapis_ore":8,"minecraft:diorite":105,"minecraft:wall_torch":1,"minecraft:yellow_bed":2,"minecraft:oak_log":30,"minecraft:sunflower":2,"minecraft:gravel":52,"minecraft:dirt":44,"minecraft:netherrack":45,"minecraft:gold_ore":1,"minecraft:deepslate":2515,"minecraft:fern":2},"minecraft:crafted":{"minecraft:oak_planks":128,"minecraft:redstone":2,"minecraft:cooked_chicken":1,"minecraft:furnace":1,"minecraft:stone_pickaxe":1,"minecraft:wheat":63,"minecraft:cooked_beef":3,"minecraft:crafting_table":1,"minecraft:wooden_pickaxe":1,"minecraft:baked_potato":11,"minecraft:stone_axe":1,"minecraft:air":0,"minecraft:stick":12,"minecraft:iron_pickaxe":1,"minecraft:stone_sword":1},"minecraft:broken":{"minecraft:netherite_pickaxe":1},"minecraft:used":{"minecraft:oak_trapdoor":11,"minecraft:netherite_sword":12,"minecraft:stone_sword":130,"minecraft:flint_and_steel":1,"minecraft:chest":2,"minecraft:cooked_chicken":1,"minecraft:rotten_flesh":5,"minecraft:torch":11,"minecraft:dirt":27,"minecraft:anvil":2,"minecraft:tuff":4,"minecraft:obsidian":13,"minecraft:wooden_axe":34,"minecraft:coal_ore":1,"minecraft:villager_spawn_egg":3,"minecraft:quartz_block":1,"minecraft:music_disc_wait":1,"minecraft:tripwire_hook":4,"minecraft:bow":45,"minecraft:furnace":3,"minecraft:netherite_pickaxe":2310,"minecraft:cooked_beef":3,"minecraft:observer":27,"minecraft:enchanted_golden_apple":6,"minecraft:water_bucket":6,"minecraft:end_rod":3,"minecraft:stone_pickaxe":5,"minecraft:baked_potato":10,"minecraft:birch_boat":3,"minecraft:wooden_pickaxe":34,"minecraft:sheep_spawn_egg":10,"minecraft:crafting_table":1,"minecraft:white_bed":3,"minecraft:shears":2,"minecraft:end_stone":2,"minecraft:spruce_log":15,"minecraft:sticky_piston":5,"minecraft:lever":2,"minecraft:diamond_pickaxe":919,"minecraft:firework_rocket":13,"minecraft:bread":2,"minecraft:string":14,"minecraft:iron_pickaxe":162,"minecraft:diamond_ore":1,"minecraft:stone_axe":28,"minecraft:cobblestone":212,"minecraft:end_crystal":7,"minecraft:bucket":3,"minecraft:yellow_bed":7,"minecraft:end_portal_frame":14,"minecraft:jukebox":1}},"DataVersion":3700}