{"stats":{"minecraft:dropped":{"minecraft:wheat_seeds":16,"minecraft:baked_potato":1,"minecraft:tuff":30,"minecraft:diamond":1,"minecraft:feather":2,"minecraft:cobblestone":37,"minecraft:rotten_flesh":1,"minecraft:stick":3,"minecraft:torch":1,"minecraft:mutton":1,"minecraft:spruce_log":6,"minecraft:bucket":1,"minecraft:white_wool":1},"minecraft:used":{"minecraft:oak_trapdoor":11,"minecraft:water_bucket":6,"minecraft:stone_sword":130,"minecraft:stone_pickaxe":5,"minecraft:birch_boat":2,"minecraft:baked_potato":10,"minecraft:wooden_pickaxe":34,"minecraft:sheep_spawn_egg":2,"minecraft:cooked_chicken":1,"minecraft:rotten_flesh":5,"minecraft:torch":10,"minecraft:dirt":27,"minecraft:crafting_table":1,"minecraft:white_bed":3,"minecraft:tuff":3,"minecraft:shears":2,"minecraft:spruce_log":5,"minecraft:sticky_piston":2,"minecraft:wooden_axe":14,"minecraft:lever":2,"minecraft:coal_ore":1,"minecraft:villager_spawn_egg":3,"minecraft:bread":2,"minecraft:string":14,"minecraft:iron_pickaxe":162,"minecraft:quartz_block":1,"minecraft:diamond_ore":1,"minecraft:music_disc_wait":1,"minecraft:stone_axe":28,"minecraft:tripwire_hook":4,"minecraft:cobblestone":212,"minecraft:furnace":3,"minecraft:bucket":3,"minecraft:yellow_bed":7,"minecraft:observer":7,"minecraft:cooked_beef":3,"minecraft:jukebox":1},"minecraft:killed":{"minecraft:witch":1,"minecraft:zombie_villager":1,"minecraft:iron_golem":1,"minecraft:creeper":2,"minecraft:sheep":7,"minecraft:skeleton":2,"minecraft:zombie":12,"minecraft:chicken":2,"minecraft:drowned":1,"minecraft:cow":2},"minecraft:crafted":{"minecraft:cooked_beef":3,"minecraft:oak_planks":128,"minecraft:redstone":2,"minecraft:crafting_table":1,"minecraft:baked_potato":11,"minecraft:wooden_pickaxe":1,"minecraft:cooked_chicken":1,"minecraft:furnace":1,"minecraft:stone_axe":1,"minecraft:air":0,"minecraft:stick":12,"minecraft:iron_pickaxe":1,"minecraft:stone_pickaxe":1,"minecraft:stone_sword":1,"minecraft:wheat":63},"minecraft:picked_up":{"minecraft:feather":3,"minecraft:chicken":2,"minecraft:tripwire_hook":2,"minecraft:andesite":4,"minecraft:leather":2,"minecraft:wooden_pickaxe":1,"minecraft:tuff":47,"minecraft:oak_log":32,"minecraft:brewing_stand":2,"minecraft:yellow_bed":2,"minecraft:gunpowder":2,"minecraft:string":7,"minecraft:lapis_lazuli":48,"minecraft:dirt":159,"minecraft:wheat_seeds":38,"minecraft:beef":4,"minecraft:iron_ingot":3,"minecraft:glowstone_dust":1,"minecraft:oak_planks":19,"minecraft:furnace":2,"minecraft:raw_iron":19,"minecraft:stick":71,"minecraft:torch":1,"minecraft:diorite":2,"minecraft:white_bed":3,"minecraft:arrow":3,"minecraft:rotten_flesh":10,"minecraft:diamond":12,"minecraft:hay_block":8,"minecraft:granite":2,"minecraft:emerald":1,"minecraft:music_disc_wait":1,"minecraft:cobblestone":131,"minecraft:mutton":9,"minecraft:white_wool":7,"minecraft:sunflower":4},"minecraft:mined":{"minecraft:white_bed":3,"minecraft:deepslate_diamond_ore":12,"minecraft:dandelion":2,"minecraft:brewing_stand":2,"minecraft:granite":2,"minecraft:short_grass":117,"minecraft:emerald_ore":2,"minecraft:grass_block":11,"minecraft:tall_grass":22,"minecraft:cobblestone":5,"minecraft:lapis_ore":8,"minecraft:diorite":1,"minecraft:hay_block":6,"minecraft:furnace":2,"minecraft:iron_ore":19,"minecraft:andesite":4,"minecraft:yellow_bed":2,"minecraft:oak_log":30,"minecraft:dirt_path":2,"minecraft:sunflower":2,"minecraft:gravel":1,"minecraft:dirt":44,"minecraft:stone":83,"minecraft:deepslate":8,"minecraft:tripwire":2,"minecraft:fern":2},"minecraft:custom":{"minecraft:interact_with_furnace":17,"minecraft:mob_kills":34,"minecraft:play_record":1,"minecraft:traded_with_villager":1,"minecraft:interact_with_crafting_table":5,"minecraft:bell_ring":38,"minecraft:leave_game":7,"minecraft:time_since_death":23787,"minecraft:climb_one_cm":2525,"minecraft:time_since_rest":23812,"minecraft:sprint_one_cm":381355,"minecraft:damage_taken":2270,"minecraft:walk_one_cm":219946,"minecraft:drop":21,"minecraft:damage_dealt":6225,"minecraft:swim_one_cm":6821,"minecraft:talked_to_villager":3,"minecraft:fly_one_cm":517006,"minecraft:player_kills":1,"minecraft:open_chest":2,"minecraft:crouch_one_cm":5740,"minecraft:play_time":181110,"minecraft:deaths":6,"minecraft:sneak_time":2639,"minecraft:walk_under_water_one_cm":579,"minecraft:boat_one_cm":451,"minecraft:jump":1966,"minecraft:walk_on_water_one_cm":7153,"minecraft:total_world_time":181110,"minecraft:fall_one_cm":47303,"minecraft:horse_one_cm":1099},"minecraft:killed_by":{"minecraft:player":1,"minecraft:skeleton":1,"minecraft:spider":1,"minecraft:zombie":2}},"DataVersion":3700}