{"stats":{"minecraft:crafted":{"minecraft:cooked_beef":3,"minecraft:wooden_sword":1,"minecraft:oak_planks":56,"minecraft:stone_shovel":14,"minecraft:emerald":7,"minecraft:crafting_table":3,"minecraft:wooden_pickaxe":1,"minecraft:birch_planks":8,"minecraft:stone_axe":1,"minecraft:bread":11,"minecraft:air":0,"minecraft:jungle_planks":56,"minecraft:apple":8,"minecraft:stick":164,"minecraft:stone_pickaxe":1,"minecraft:stone_sword":1,"minecraft:wheat":135},"minecraft:mined":{"minecraft:white_bed":1,"minecraft:crafting_table":7,"minecraft:short_grass":63,"minecraft:grass_block":198,"minecraft:jungle_log":14,"minecraft:tall_grass":2,"minecraft:sugar_cane":20,"minecraft:composter":1,"minecraft:oak_planks":1,"minecraft:diorite":1,"minecraft:seagrass":1,"minecraft:hay_block":16,"minecraft:birch_log":2,"minecraft:andesite":16,"minecraft:fletching_table":1,"minecraft:bell":1,"minecraft:oak_log":13,"minecraft:oak_stairs":1,"minecraft:sunflower":4,"minecraft:dirt":201,"minecraft:stone":65,"minecraft:oak_leaves":1,"minecraft:fern":1},"minecraft:killed_by":{"minecraft:player":1},"minecraft:picked_up":{"minecraft:birch_log":2,"minecraft:seagrass":1,"minecraft:crafting_table":7,"minecraft:andesite":16,"minecraft:jungle_log":14,"minecraft:leather":9,"minecraft:oak_stairs":1,"minecraft:oak_log":14,"minecraft:dirt":395,"minecraft:wheat_seeds":12,"minecraft:bell":1,"minecraft:beef":15,"minecraft:iron_ingot":7,"minecraft:fletching_table":1,"minecraft:poppy":1,"minecraft:sugar_cane":38,"minecraft:oak_planks":1,"minecraft:composter":1,"minecraft:porkchop":16,"minecraft:diorite":2,"minecraft:white_bed":1,"minecraft:stone_shovel":9,"minecraft:rotten_flesh":4,"minecraft:hay_block":15,"minecraft:sunflower":5,"minecraft:mutton":5,"minecraft:cobblestone":65,"minecraft:white_wool":6},"minecraft:broken":{"minecraft:stone_shovel":3},"minecraft:dropped":{"minecraft:iron_ingot":3,"minecraft:wheat_seeds":10,"minecraft:stone_shovel":18,"minecraft:cobblestone":43,"minecraft:rotten_flesh":4,"minecraft:oak_planks":1,"minecraft:leather":7,"minecraft:poppy":1,"minecraft:diorite":2,"minecraft:oak_stairs":1,"minecraft:sunflower":5,"minecraft:white_wool":3},"minecraft:used":{"minecraft:stone_sword":153,"minecraft:stone_shovel":437,"minecraft:stone_pickaxe":80,"minecraft:wooden_pickaxe":5,"minecraft:bell":1,"minecraft:dirt":12,"minecraft:mutton":5,"minecraft:crafting_table":9,"minecraft:white_bed":1,"minecraft:apple":8,"minecraft:bread":9,"minecraft:stone_axe":30,"minecraft:wooden_sword":32,"minecraft:beef":6,"minecraft:andesite":9,"minecraft:cooked_beef":3},"minecraft:killed":{"minecraft:pig":8,"minecraft:spider":2,"minecraft:iron_golem":1,"minecraft:sheep":2,"minecraft:skeleton":2,"minecraft:zombie":9,"minecraft:turtle":1,"minecraft:cow":7},"minecraft:custom":{"minecraft:interact_with_furnace":5,"minecraft:mob_kills":32,"minecraft:traded_with_villager":9,"minecraft:interact_with_crafting_table":17,"minecraft:bell_ring":50,"minecraft:leave_game":2,"minecraft:time_since_death":56106,"minecraft:time_since_rest":56135,"minecraft:sprint_one_cm":166244,"minecraft:damage_taken":1130,"minecraft:walk_one_cm":183541,"minecraft:drop":39,"minecraft:damage_dealt":5529,"minecraft:swim_one_cm":19129,"minecraft:talked_to_villager":10,"minecraft:fly_one_cm":337955,"minecraft:player_kills":1,"minecraft:open_chest":2,"minecraft:crouch_one_cm":3760,"minecraft:play_time":57784,"minecraft:deaths":1,"minecraft:sneak_time":1295,"minecraft:walk_under_water_one_cm":4169,"minecraft:jump":1288,"minecraft:walk_on_water_one_cm":4073,"minecraft:total_world_time":57784,"minecraft:fall_one_cm":29313,"minecraft:horse_one_cm":900}},"DataVersion":3700}