{"stats":{"minecraft:custom":{"minecraft:time_since_rest":19931,"minecraft:interact_with_furnace":5,"minecraft:sprint_one_cm":73631,"minecraft:damage_taken":487,"minecraft:walk_one_cm":58402,"minecraft:mob_kills":10,"minecraft:drop":5,"minecraft:damage_dealt":1668,"minecraft:traded_with_villager":2,"minecraft:talked_to_villager":5,"minecraft:interact_with_crafting_table":6,"minecraft:fly_one_cm":144707,"minecraft:player_kills":1,"minecraft:open_chest":2,"minecraft:crouch_one_cm":511,"minecraft:play_time":21580,"minecraft:deaths":1,"minecraft:bell_ring":42,"minecraft:sneak_time":138,"minecraft:walk_under_water_one_cm":665,"minecraft:jump":510,"minecraft:leave_game":1,"minecraft:walk_on_water_one_cm":406,"minecraft:time_since_death":19902,"minecraft:total_world_time":21580,"minecraft:horse_one_cm":900,"minecraft:fall_one_cm":14478},"minecraft:picked_up":{"minecraft:crafting_table":1,"minecraft:andesite":15,"minecraft:jungle_log":14,"minecraft:leather":6,"minecraft:oak_stairs":1,"minecraft:oak_log":14,"minecraft:white_bed":1,"minecraft:rotten_flesh":2,"minecraft:wheat_seeds":2,"minecraft:hay_block":2,"minecraft:iron_ingot":3,"minecraft:beef":9,"minecraft:poppy":1,"minecraft:oak_planks":1,"minecraft:mutton":5,"minecraft:white_wool":3,"minecraft:cobblestone":41,"minecraft:sunflower":5},"minecraft:killed":{"minecraft:sheep":2,"minecraft:skeleton":1,"minecraft:zombie":2,"minecraft:cow":5},"minecraft:killed_by":{"minecraft:player":1},"minecraft:dropped":{"minecraft:iron_ingot":3,"minecraft:rotten_flesh":2},"minecraft:used":{"minecraft:stone_sword":27,"minecraft:stone_pickaxe":51,"minecraft:wooden_pickaxe":5,"minecraft:stone_axe":20,"minecraft:wooden_sword":32,"minecraft:mutton":5,"minecraft:beef":3,"minecraft:crafting_table":2,"minecraft:white_bed":1,"minecraft:cooked_beef":3},"minecraft:crafted":{"minecraft:cooked_beef":3,"minecraft:wooden_sword":1,"minecraft:oak_planks":56,"minecraft:emerald":2,"minecraft:crafting_table":2,"minecraft:stick":164,"minecraft:wooden_pickaxe":1,"minecraft:stone_pickaxe":1,"minecraft:stone_sword":1,"minecraft:stone_axe":1,"minecraft:air":0,"minecraft:jungle_planks":56},"minecraft:mined":{"minecraft:hay_block":3,"minecraft:white_bed":1,"minecraft:andesite":15,"minecraft:crafting_table":1,"minecraft:short_grass":20,"minecraft:oak_log":13,"minecraft:oak_stairs":1,"minecraft:jungle_log":14,"minecraft:sunflower":4,"minecraft:tall_grass":1,"minecraft:stone":41,"minecraft:oak_planks":1,"minecraft:oak_leaves":1,"minecraft:fern":1}},"DataVersion":3700}