{"stats":{"minecraft:killed_by":{"minecraft:player":2,"minecraft:zombie":1},"minecraft:custom":{"minecraft:interact_with_smithing_table":3,"minecraft:interact_with_anvil":5,"minecraft:mob_kills":41,"minecraft:interact_with_crafting_table":28,"minecraft:bell_ring":64,"minecraft:leave_game":5,"minecraft:time_since_death":31261,"minecraft:damage_resisted":2811,"minecraft:climb_one_cm":597,"minecraft:sprint_one_cm":299632,"minecraft:walk_one_cm":482589,"minecraft:drop":331,"minecraft:damage_dealt_absorbed":247,"minecraft:talked_to_villager":10,"minecraft:play_time":182165,"minecraft:deaths":5,"minecraft:sneak_time":3195,"minecraft:walk_under_water_one_cm":4675,"minecraft:boat_one_cm":11881,"minecraft:jump":2337,"minecraft:walk_on_water_one_cm":4783,"minecraft:total_world_time":182165,"minecraft:interact_with_furnace":30,"minecraft:traded_with_villager":9,"minecraft:time_since_rest":31462,"minecraft:damage_absorbed":755,"minecraft:damage_taken":4174,"minecraft:damage_dealt":7807,"minecraft:swim_one_cm":25227,"minecraft:player_kills":1,"minecraft:fly_one_cm":582963,"minecraft:open_chest":2,"minecraft:crouch_one_cm":8890,"minecraft:aviate_one_cm":979478,"minecraft:fall_one_cm":55894,"minecraft:horse_one_cm":900},"minecraft:picked_up":{"minecraft:seagrass":1,"minecraft:crafting_table":8,"minecraft:chicken":2,"minecraft:anvil":1,"minecraft:oak_stairs":1,"minecraft:enchanted_book":1,"minecraft:elytra":1,"minecraft:netherite_ingot":8,"minecraft:blackstone":57,"minecraft:gold_nugget":15,"minecraft:cobbled_deepslate":693,"minecraft:netherite_sword":1,"minecraft:bucket":1,"minecraft:beef":15,"minecraft:poppy":1,"minecraft:enchanted_golden_apple":64,"minecraft:sugar_cane":38,"minecraft:egg":1,"minecraft:raw_iron":23,"minecraft:composter":3,"minecraft:torch":12,"minecraft:porkchop":16,"minecraft:pointed_dripstone":4,"minecraft:diorite":2,"minecraft:redstone":193,"minecraft:arrow":64,"minecraft:rotten_flesh":7,"minecraft:stone_shovel":10,"minecraft:hay_block":15,"minecraft:netherite_chestplate":5,"minecraft:obsidian":1,"minecraft:mutton":5,"minecraft:cobblestone":98,"minecraft:white_wool":6,"minecraft:birch_log":2,"minecraft:netherite_boots":1,"minecraft:basalt":168,"minecraft:andesite":29,"minecraft:jungle_log":14,"minecraft:leather":9,"minecraft:brown_wool":1,"minecraft:tuff":69,"minecraft:oak_log":14,"minecraft:ancient_debris":23,"minecraft:netherite_leggings":2,"minecraft:lapis_lazuli":108,"minecraft:dirt":623,"minecraft:bow":3,"minecraft:wheat_seeds":13,"minecraft:raw_gold":22,"minecraft:bell":1,"minecraft:iron_ingot":7,"minecraft:fletching_table":1,"minecraft:oak_planks":1,"minecraft:dandelion":2,"minecraft:gravel":19,"minecraft:white_bed":1,"minecraft:spruce_log":6,"minecraft:dragon_egg":1,"minecraft:firework_rocket":256,"minecraft:netherite_helmet":2,"minecraft:diamond":34,"minecraft:ender_pearl":3,"minecraft:emerald":1,"minecraft:baked_potato":1,"minecraft:diamond_pickaxe":5,"minecraft:netherrack":88,"minecraft:coal":11,"minecraft:sunflower":5},"minecraft:killed":{"minecraft:spider":2,"minecraft:skeleton":2,"minecraft:turtle":1,"minecraft:pig":8,"minecraft:iron_golem":1,"minecraft:ender_dragon":1,"minecraft:sheep":2,"minecraft:zombie":14,"minecraft:enderman":3,"minecraft:cow":7},"minecraft:mined":{"minecraft:nether_gold_ore":4,"minecraft:tuff":230,"minecraft:white_bed":1,"minecraft:deepslate_diamond_ore":36,"minecraft:granite":49,"minecraft:grass_block":203,"minecraft:jungle_log":14,"minecraft:composter":1,"minecraft:hay_block":16,"minecraft:redstone_ore":5,"minecraft:iron_ore":15,"minecraft:andesite":29,"minecraft:anvil":1,"minecraft:fletching_table":1,"minecraft:bell":1,"minecraft:deepslate_iron_ore":10,"minecraft:pointed_dripstone":1,"minecraft:dirt_path":2,"minecraft:oak_stairs":1,"minecraft:stone":133,"minecraft:deepslate_redstone_ore":24,"minecraft:blackstone":57,"minecraft:basalt":142,"minecraft:crafting_table":8,"minecraft:short_grass":67,"minecraft:cobblestone":2,"minecraft:tall_grass":2,"minecraft:deepslate_gold_ore":17,"minecraft:lapis_ore":6,"minecraft:oak_planks":1,"minecraft:sugar_cane":20,"minecraft:diorite":7,"minecraft:seagrass":1,"minecraft:birch_log":2,"minecraft:oak_log":13,"minecraft:coal_ore":11,"minecraft:gravel":23,"minecraft:sunflower":4,"minecraft:dirt":358,"minecraft:netherrack":414,"minecraft:ancient_debris":22,"minecraft:gold_ore":5,"minecraft:oak_leaves":1,"minecraft:deepslate":1054,"minecraft:fern":1},"minecraft:dropped":{"minecraft:enchanted_book":1,"minecraft:iron_ingot":14,"minecraft:wheat_seeds":11,"minecraft:lapis_lazuli":64,"minecraft:baked_potato":1,"minecraft:smithing_table":1,"minecraft:netherite_helmet":3,"minecraft:netherite_chestplate":6,"minecraft:netherite_upgrade_smithing_template":1,"minecraft:cobblestone":68,"minecraft:leather":7,"minecraft:fletching_table":1,"minecraft:elytra":1,"minecraft:stick":4,"minecraft:emerald":6,"minecraft:dirt":394,"minecraft:diorite":2,"minecraft:torch":1,"minecraft:brown_wool":1,"minecraft:seagrass":1,"minecraft:netherite_boots":3,"minecraft:wooden_sword":1,"minecraft:gold_nugget":15,"minecraft:oak_stairs":1,"minecraft:sunflower":5,"minecraft:white_wool":6,"minecraft:gold_ingot":8,"minecraft:dandelion":2,"minecraft:redstone":128,"minecraft:gravel":5,"minecraft:anvil":1,"minecraft:stone_axe":1,"minecraft:sugar_cane":38,"minecraft:cobbled_deepslate":696,"minecraft:tuff":69,"minecraft:wheat":2,"minecraft:obsidian":1,"minecraft:pointed_dripstone":4,"minecraft:composter":3,"minecraft:stone_shovel":19,"minecraft:chicken":2,"minecraft:rotten_flesh":7,"minecraft:oak_planks":1,"minecraft:ender_eye":1,"minecraft:netherite_leggings":4,"minecraft:poppy":1,"minecraft:spruce_planks":4,"minecraft:diamond_pickaxe":5,"minecraft:andesite":11,"minecraft:end_portal_frame":1,"minecraft:basalt":34,"minecraft:wooden_pickaxe":1,"minecraft:firework_rocket":1,"minecraft:netherrack":88,"minecraft:egg":1},"minecraft:crafted":{"minecraft:wooden_sword":1,"minecraft:oak_planks":56,"minecraft:stone_shovel":14,"minecraft:furnace":2,"minecraft:netherite_chestplate":1,"minecraft:stone_pickaxe":1,"minecraft:netherite_scrap":23,"minecraft:wheat":135,"minecraft:cooked_beef":3,"minecraft:emerald":7,"minecraft:crafting_table":4,"minecraft:spruce_planks":24,"minecraft:wooden_pickaxe":1,"minecraft:birch_planks":8,"minecraft:stone_axe":1,"minecraft:bread":11,"minecraft:air":0,"minecraft:jungle_planks":56,"minecraft:apple":8,"minecraft:diamond_pickaxe":1,"minecraft:stick":172,"minecraft:iron_ingot":10,"minecraft:iron_pickaxe":1,"minecraft:stone_sword":1,"minecraft:netherite_ingot":5},"minecraft:broken":{"minecraft:netherite_helmet":1,"minecraft:stone_sword":1,"minecraft:stone_pickaxe":1,"minecraft:diamond_pickaxe":1,"minecraft:stone_shovel":4},"minecraft:used":{"minecraft:netherite_sword":27,"minecraft:stone_sword":157,"minecraft:stone_shovel":576,"minecraft:bell":1,"minecraft:anvil":1,"minecraft:dirt":232,"minecraft:mutton":5,"minecraft:totem_of_undying":1,"minecraft:basalt":6,"minecraft:bow":56,"minecraft:beef":9,"minecraft:furnace":2,"minecraft:cooked_beef":3,"minecraft:cobbled_deepslate":4,"minecraft:enchanted_golden_apple":7,"minecraft:stone_pickaxe":131,"minecraft:netherite_chestplate":1,"minecraft:wooden_pickaxe":5,"minecraft:crafting_table":13,"minecraft:white_bed":1,"minecraft:ender_eye":24,"minecraft:diamond_pickaxe":2007,"minecraft:apple":8,"minecraft:firework_rocket":29,"minecraft:bread":11,"minecraft:iron_pickaxe":146,"minecraft:stone_axe":62,"minecraft:wooden_sword":56,"minecraft:end_crystal":12,"minecraft:porkchop":16,"minecraft:smithing_table":1,"minecraft:andesite":9,"minecraft:end_portal_frame":16}},"DataVersion":3700}