{"stats":{"minecraft:used":{"minecraft:stone_sword":157,"minecraft:stone_shovel":561,"minecraft:stone_pickaxe":131,"minecraft:wooden_pickaxe":5,"minecraft:bell":1,"minecraft:dirt":196,"minecraft:mutton":5,"minecraft:crafting_table":11,"minecraft:white_bed":1,"minecraft:diamond_pickaxe":37,"minecraft:apple":8,"minecraft:bread":11,"minecraft:iron_pickaxe":119,"minecraft:stone_axe":62,"minecraft:wooden_sword":56,"minecraft:beef":7,"minecraft:furnace":1,"minecraft:porkchop":16,"minecraft:andesite":9,"minecraft:cooked_beef":3},"minecraft:dropped":{"minecraft:gravel":5,"minecraft:iron_ingot":3,"minecraft:wheat_seeds":11,"minecraft:baked_potato":1,"minecraft:cobbled_deepslate":67,"minecraft:pointed_dripstone":4,"minecraft:composter":1,"minecraft:stone_shovel":19,"minecraft:cobblestone":48,"minecraft:rotten_flesh":7,"minecraft:oak_planks":1,"minecraft:leather":7,"minecraft:stick":4,"minecraft:poppy":1,"minecraft:dirt":299,"minecraft:torch":1,"minecraft:diorite":2,"minecraft:andesite":11,"minecraft:seagrass":1,"minecraft:oak_stairs":1,"minecraft:sunflower":5,"minecraft:egg":1,"minecraft:white_wool":6,"minecraft:dandelion":2},"minecraft:broken":{"minecraft:stone_pickaxe":1,"minecraft:stone_sword":1,"minecraft:stone_shovel":4},"minecraft:killed":{"minecraft:pig":8,"minecraft:spider":2,"minecraft:iron_golem":1,"minecraft:sheep":2,"minecraft:skeleton":2,"minecraft:zombie":14,"minecraft:turtle":1,"minecraft:cow":7},"minecraft:crafted":{"minecraft:cooked_beef":3,"minecraft:wooden_sword":1,"minecraft:oak_planks":56,"minecraft:stone_shovel":14,"minecraft:emerald":7,"minecraft:crafting_table":4,"minecraft:spruce_planks":24,"minecraft:wooden_pickaxe":1,"minecraft:furnace":1,"minecraft:birch_planks":8,"minecraft:stone_axe":1,"minecraft:bread":11,"minecraft:air":0,"minecraft:jungle_planks":56,"minecraft:apple":8,"minecraft:diamond_pickaxe":1,"minecraft:stick":172,"minecraft:iron_ingot":10,"minecraft:iron_pickaxe":1,"minecraft:stone_pickaxe":1,"minecraft:stone_sword":1,"minecraft:wheat":135},"minecraft:picked_up":{"minecraft:birch_log":2,"minecraft:seagrass":1,"minecraft:crafting_table":8,"minecraft:chicken":2,"minecraft:jungle_log":14,"minecraft:andesite":20,"minecraft:leather":9,"minecraft:oak_stairs":1,"minecraft:oak_log":14,"minecraft:lapis_lazuli":44,"minecraft:dirt":619,"minecraft:wheat_seeds":13,"minecraft:cobbled_deepslate":82,"minecraft:raw_gold":7,"minecraft:bucket":1,"minecraft:bell":1,"minecraft:iron_ingot":7,"minecraft:beef":15,"minecraft:poppy":1,"minecraft:fletching_table":1,"minecraft:sugar_cane":38,"minecraft:oak_planks":1,"minecraft:egg":1,"minecraft:raw_iron":15,"minecraft:composter":2,"minecraft:torch":1,"minecraft:dandelion":2,"minecraft:gravel":5,"minecraft:porkchop":16,"minecraft:pointed_dripstone":4,"minecraft:diorite":2,"minecraft:white_bed":1,"minecraft:spruce_log":6,"minecraft:redstone":105,"minecraft:rotten_flesh":7,"minecraft:stone_shovel":10,"minecraft:diamond":24,"minecraft:hay_block":15,"minecraft:emerald":1,"minecraft:baked_potato":1,"minecraft:coal":11,"minecraft:mutton":5,"minecraft:sunflower":5,"minecraft:cobblestone":78,"minecraft:white_wool":6},"minecraft:custom":{"minecraft:interact_with_furnace":11,"minecraft:mob_kills":37,"minecraft:traded_with_villager":9,"minecraft:interact_with_crafting_table":21,"minecraft:bell_ring":64,"minecraft:leave_game":3,"minecraft:time_since_death":29041,"minecraft:climb_one_cm":330,"minecraft:time_since_rest":29071,"minecraft:sprint_one_cm":222009,"minecraft:damage_taken":1810,"minecraft:walk_one_cm":304599,"minecraft:drop":64,"minecraft:damage_dealt":6546,"minecraft:swim_one_cm":25227,"minecraft:talked_to_villager":10,"minecraft:fly_one_cm":421661,"minecraft:player_kills":1,"minecraft:open_chest":2,"minecraft:crouch_one_cm":7535,"minecraft:play_time":110882,"minecraft:deaths":2,"minecraft:sneak_time":2301,"minecraft:walk_under_water_one_cm":4654,"minecraft:jump":1731,"minecraft:walk_on_water_one_cm":4685,"minecraft:total_world_time":110882,"minecraft:fall_one_cm":43308,"minecraft:horse_one_cm":900},"minecraft:mined":{"minecraft:deepslate_redstone_ore":19,"minecraft:tuff":17,"minecraft:white_bed":1,"minecraft:deepslate_diamond_ore":24,"minecraft:crafting_table":8,"minecraft:short_grass":67,"minecraft:grass_block":201,"minecraft:jungle_log":14,"minecraft:deepslate_gold_ore":2,"minecraft:cobblestone":2,"minecraft:tall_grass":2,"minecraft:lapis_ore":6,"minecraft:composter":1,"minecraft:oak_planks":1,"minecraft:sugar_cane":20,"minecraft:diorite":1,"minecraft:hay_block":16,"minecraft:seagrass":1,"minecraft:redstone_ore":5,"minecraft:birch_log":2,"minecraft:iron_ore":15,"minecraft:andesite":20,"minecraft:fletching_table":1,"minecraft:bell":1,"minecraft:pointed_dripstone":1,"minecraft:coal_ore":11,"minecraft:dirt_path":2,"minecraft:oak_log":13,"minecraft:oak_stairs":1,"minecraft:gravel":5,"minecraft:sunflower":4,"minecraft:dirt":356,"minecraft:deepslate":80,"minecraft:stone":76,"minecraft:gold_ore":5,"minecraft:oak_leaves":1,"minecraft:fern":1},"minecraft:killed_by":{"minecraft:player":1,"minecraft:zombie":1}},"DataVersion":3700}