{"stats":{"minecraft:custom":{"minecraft:time_since_rest":8672,"minecraft:damage_taken":235,"minecraft:crouch_one_cm":1608,"minecraft:sprint_one_cm":53462,"minecraft:play_time":17286,"minecraft:walk_one_cm":28487,"minecraft:deaths":1,"minecraft:sneak_time":604,"minecraft:mob_kills":1,"minecraft:jump":87,"minecraft:damage_dealt":193,"minecraft:leave_game":3,"minecraft:time_since_death":8646,"minecraft:interact_with_beacon":1,"minecraft:total_world_time":17286,"minecraft:fall_one_cm":2249,"minecraft:fly_one_cm":48140},"minecraft:picked_up":{"minecraft:netherite_block":1,"minecraft:raw_copper":19,"minecraft:stick":1,"minecraft:wheat_seeds":2,"minecraft:beacon":1,"minecraft:oak_sapling":4,"minecraft:netherite_pickaxe":1,"minecraft:coal":10,"minecraft:dirt":6,"minecraft:cobblestone":1350},"minecraft:mined":{"minecraft:short_grass":1,"minecraft:grass_block":2,"minecraft:coal_ore":12,"minecraft:dirt":1,"minecraft:copper_ore":4,"minecraft:stone":1227},"minecraft:used":{"minecraft:netherite_block":175,"minecraft:netherite_pickaxe":1247,"minecraft:beacon":2},"minecraft:killed_by":{"minecraft:skeleton":1}},"DataVersion":3700}