{"stats":{"minecraft:killed_by":{"minecraft:skeleton":1},"minecraft:used":{"minecraft:netherite_block":175,"minecraft:netherite_pickaxe":1118,"minecraft:beacon":2},"minecraft:mined":{"minecraft:short_grass":1,"minecraft:grass_block":2,"minecraft:coal_ore":10,"minecraft:dirt":1,"minecraft:copper_ore":3,"minecraft:stone":1101},"minecraft:custom":{"minecraft:time_since_rest":7530,"minecraft:deaths":1,"minecraft:crouch_one_cm":1608,"minecraft:play_time":16144,"minecraft:sprint_one_cm":46479,"minecraft:damage_taken":235,"minecraft:walk_one_cm":24683,"minecraft:sneak_time":604,"minecraft:mob_kills":1,"minecraft:jump":85,"minecraft:damage_dealt":193,"minecraft:leave_game":2,"minecraft:time_since_death":7504,"minecraft:interact_with_beacon":1,"minecraft:total_world_time":16144,"minecraft:fall_one_cm":2249,"minecraft:fly_one_cm":48102},"minecraft:picked_up":{"minecraft:netherite_block":1,"minecraft:raw_copper":14,"minecraft:stick":1,"minecraft:wheat_seeds":2,"minecraft:beacon":1,"minecraft:oak_sapling":4,"minecraft:netherite_pickaxe":1,"minecraft:coal":10,"minecraft:dirt":6,"minecraft:cobblestone":1225}},"DataVersion":3700}