{"stats":{"minecraft:mined":{"minecraft:short_grass":1,"minecraft:grass_block":2,"minecraft:coal_ore":3,"minecraft:dirt":1,"minecraft:copper_ore":3,"minecraft:stone":633},"minecraft:custom":{"minecraft:time_since_rest":7931,"minecraft:play_time":7931,"minecraft:crouch_one_cm":1046,"minecraft:sprint_one_cm":18331,"minecraft:damage_taken":40,"minecraft:walk_one_cm":14395,"minecraft:sneak_time":486,"minecraft:jump":39,"minecraft:leave_game":1,"minecraft:time_since_death":7931,"minecraft:interact_with_beacon":1,"minecraft:total_world_time":7931,"minecraft:fall_one_cm":544,"minecraft:fly_one_cm":34103},"minecraft:used":{"minecraft:netherite_block":174,"minecraft:netherite_pickaxe":639,"minecraft:beacon":1},"minecraft:picked_up":{"minecraft:raw_copper":7,"minecraft:stick":1,"minecraft:wheat_seeds":1,"minecraft:oak_sapling":4,"minecraft:coal":3,"minecraft:dirt":3,"minecraft:cobblestone":468}},"DataVersion":3700}