{"stats":{"minecraft:used":{"minecraft:crafting_table":1,"minecraft:wooden_pickaxe":20},"minecraft:picked_up":{"minecraft:jungle_log":3,"minecraft:andesite":2,"minecraft:granite":12,"minecraft:dirt":15,"minecraft:cobblestone":4,"minecraft:sunflower":1},"minecraft:dropped":{"minecraft:sunflower":1},"minecraft:custom":{"minecraft:time_since_rest":8415,"minecraft:crouch_one_cm":353,"minecraft:play_time":8415,"minecraft:sprint_one_cm":27744,"minecraft:damage_taken":50,"minecraft:walk_one_cm":2270,"minecraft:sneak_time":282,"minecraft:drop":1,"minecraft:jump":155,"minecraft:leave_game":4,"minecraft:walk_on_water_one_cm":651,"minecraft:time_since_death":8415,"minecraft:climb_one_cm":1179,"minecraft:total_world_time":8415,"minecraft:interact_with_crafting_table":1,"minecraft:fall_one_cm":5103,"minecraft:fly_one_cm":33782},"minecraft:mined":{"minecraft:granite":12,"minecraft:short_grass":12,"minecraft:grass_block":3,"minecraft:vine":1,"minecraft:jungle_log":3,"minecraft:sunflower":1,"minecraft:dirt":12,"minecraft:tall_grass":1,"minecraft:stone":4,"minecraft:andesite":2},"minecraft:crafted":{"minecraft:crafting_table":1,"minecraft:stick":4,"minecraft:wooden_pickaxe":1,"minecraft:jungle_planks":12}},"DataVersion":3700}